<?xml version="1.0" encoding="utf-8" standalone="yes"?>
<rss version="2.0" xmlns:atom="http://www.w3.org/2005/Atom">
  <channel>
    <title>Fantasy Court</title>
    <link>http://localhost:1313/en/programma_2025/activiteiten/</link>
    <description>Recent content on Fantasy Court</description>
    <generator>Hugo</generator>
    <language>en-gb</language>
    <atom:link href="http://localhost:1313/en/programma_2025/activiteiten/index.xml" rel="self" type="application/rss+xml" />
  </channel>
</rss>
