<?xml version="1.0" encoding="utf-8" standalone="yes"?>
<rss version="2.0" xmlns:atom="http://www.w3.org/2005/Atom">
  <channel>
    <title>Praktische Info on Fantasy Court</title>
    <link>http://localhost:1313/praktische_info/</link>
    <description>Recent content in Praktische Info on Fantasy Court</description>
    <generator>Hugo</generator>
    <language>nl</language>
    <atom:link href="http://localhost:1313/praktische_info/index.xml" rel="self" type="application/rss+xml" />
  </channel>
</rss>
