<?xml version="1.0" encoding="utf-8" standalone="yes"?>
<rss version="2.0" xmlns:atom="http://www.w3.org/2005/Atom">
  <channel>
    <title>Nieuws Archief on Fantasy Court</title>
    <link>http://localhost:1313/nieuws/</link>
    <description>Recent content in Nieuws Archief on Fantasy Court</description>
    <generator>Hugo</generator>
    <language>nl</language>
    <lastBuildDate>Sun, 12 Jan 2025 00:00:00 +0000</lastBuildDate>
    <atom:link href="http://localhost:1313/nieuws/index.xml" rel="self" type="application/rss+xml" />
    <item>
      <title>Vernieuwde website.</title>
      <link></link>
      <pubDate>Fri, 12 Jan 2024 12:00:00 +0200</pubDate>
      <guid></guid>
      <description>&lt;p&gt;Zie ik daar een nieuwe website? Inderdaad, onze codeer kabouters zijn druk bezig geweest om de website een nieuw likje verf te geven. We hopen dat de nieuwe website er niet alleen beter uitziet maar ook makkelijker te navigeren is.&lt;/p&gt;</description>
    </item>
    <item>
      <title>Inschrijvingen voor standhouders zijn open.</title>
      <link></link>
      <pubDate>Thu, 12 Dec 2024 12:00:00 +0200</pubDate>
      <guid></guid>
      <description>&lt;p&gt;De inschrijvingen voor standhouders zijn open. Je kan meer info vinden op de &lt;a href=&#34;http://localhost:1313/standhouders/&#34;&gt;Standhouder pagina&lt;/a&gt;&#xA;. Of je direct inschrijven via &lt;a href=&#34;https://docs.google.com/forms/d/e/1FAIpQLSdgNXPGttfaqPzkXfZpr1McJyhMBjCHTCpDKVrfEfgqgnLUFQ/viewform?usp=sf_link&#34; target=&#34;_blank&#34;&gt;deze link&lt;/a&gt;&#xA;. Fantasy Court zal dit jaar op 8 juni plaatsvinden op het koeveld van de TU/e eindhoven.&lt;/p&gt;&#xA;&lt;p&gt;Op verzoek van onze standhouders hebben we de inschrijfperiode vervroegd. De eerste inschrijfronde is open tot en met 12 januari. Als je voor deze datum inschrijft krijg je in week 3 of 4 van 2025 te horen of je door de selectie bent. Voor mensen die zich later inschrijven is er een tweede selectieronde in maart.&lt;/p&gt;</description>
    </item>
    <item>
      <title>We zijn er weer.</title>
      <link></link>
      <pubDate>Tue, 03 Dec 2024 17:00:00 +0200</pubDate>
      <guid></guid>
      <description>&lt;p style=&#34;&#xA;margin-top: 0px;&#xA;margin-bottom: 20px;&#xA;&#34;&gt;&#xA;    &lt;em&gt;Zegt het voort, zegt het voort!&lt;br&gt;&#xA;Er worden voorbereidingen getroffen voor Fantasy Court!&lt;/em&gt;&#xA;&lt;/p&gt;&#xA;&#xA;&lt;p&gt;Beste fantasyfanaten,&#xA;Het heeft langer geduurd dan gehoopt maar we hebben het veld kunnen reserveren. Fantasy court zal plaats vinden op 8 juni van 11 tot 18, zoals altijd op de TU/e campus.&lt;/p&gt;&#xA;&lt;p&gt;We zijn weer druk aan de slag en ook de website wordt weer wakker. Zojuist is een hoop informatie geupdate. Dit is een tijdelijke update, we zijn namelijk aan het kijken naar een redesign samen met een vernieuwde huisstijl.&lt;/p&gt;</description>
    </item>
    <item>
      <title>larp en goed doel: Toys in the Attic, LRP Ravenskeep Adventures, Books4life.</title>
      <link></link>
      <pubDate>Sat, 06 Jul 2024 17:00:00 +0200</pubDate>
      <guid></guid>
      <description>&lt;p style=&#34;&#xA;margin-top: 0px;&#xA;margin-bottom: 20px;&#xA;&#34;&gt;&#xA;    &lt;em&gt;Zegt het voort, zegt het voort!&lt;br&gt;&#xA;Over twee dagen is het al zover: Fantasy Court!&lt;/em&gt;&#xA;&lt;/p&gt;&#xA;&#xA;&lt;p&gt;Net als de afgelopen jaren, zullen er ook dit jaar op 9 juni Fantasy Court vele leuke verenigingen en goede doelen te vinden zijn. Kijk hieronder snel verder en hopelijk zien we je deze zondag!&lt;/p&gt;&#xA;&lt;figure&gt;&lt;img src=&#34;http://localhost:1313/images/news/NeA1.png&#34;&#xA;    alt=&#34;Books4Life&#34; width=&#34;40%&#34;&gt;&#xA;&lt;/figure&gt;&#xA;&#xA;&lt;h3 id=&#34;books4life&#34;&gt;Books4Life&lt;/h3&gt;&#xA;&lt;p&gt;Books4Life is een liefdadigheids boekenwinkel met een enorme fantasy en sci-fi collectie, en toegewijde vrijwilligers die je graag adviseren. Kom genieten van hun brede aanbod en verbluffend gunstige prijzen! De opbrengst van Books4Life gaat naar verschillende goede doelen, waaronder Amnesty International en Oxfam Novib. Ook ondersteunt Books4Life lokale goede doelen waaronder het Armoede Fonds, Soep&amp;amp;Co, Caritas en Buurtgezinnen.&lt;/p&gt;</description>
    </item>
    <item>
      <title>Twee Dozijn kraampjes: Fairyland, VonkenStaal, Nooni-en-Neik  (Nooni Design), GridStuff, The Wandering Merchant (voormalig eldirsar crafts).</title>
      <link></link>
      <pubDate>Wed, 05 Jun 2024 17:00:00 +0200</pubDate>
      <guid></guid>
      <description>&lt;p style=&#34;&#xA;margin-top: 0px;&#xA;margin-bottom: 20px;&#xA;&#34;&gt;&#xA;    &lt;em&gt;Zegt het voort, zegt het voort!&lt;br&gt;&#xA;Deze geweldige verkopers zijn te vinden op 9 juni te Fantasy Court!&lt;/em&gt;&#xA;&lt;/p&gt;&#xA;&#xA;&lt;p&gt;Net als de afgelopen jaren, zullen er ook dit jaar vele leuke verkopers te vinden zijn met allerlei leuke items. Kijk hieronder snel verder&lt;/p&gt;&#xA;&lt;h3 id=&#34;fantasyshop-fairyland-&#34;&gt;🧚Fantasyshop Fairyland 🧝&lt;/h3&gt;&#xA;&lt;p&gt;Fantasyshop Fairyland verkoopt middeleeuwen kleding, lederwaren, kaart en bordspellen en Keltische Sieraden. Al sinds het begin van Fantasy Court een vaste stop voor al je essentials!&#xA;&lt;figure&gt;&lt;img src=&#34;http://localhost:1313/images/news/NdA1.png&#34;&#xA;    alt=&#34;Atelier Knowhere&#34; width=&#34;40%&#34;&gt;&#xA;&lt;/figure&gt;&#xA;&lt;/p&gt;</description>
    </item>
    <item>
      <title>Alle Kraampjes: Céline&#39;s Art Studio , Imkerij de Walhut , Nether &amp; Fable, t Speldenhuis, Somnivera Events.</title>
      <link></link>
      <pubDate>Mon, 03 Jun 2024 17:00:00 +0200</pubDate>
      <guid></guid>
      <description>&lt;p style=&#34;&#xA;margin-top: 0px;&#xA;margin-bottom: 20px;&#xA;&#34;&gt;&#xA;    &lt;em&gt;Zegt het voort, zegt het voort!&lt;br&gt;&#xA;Deze geweldige verkopers zijn te vinden op 9 juni te Fantasy Court!&lt;/em&gt;&#xA;&lt;/p&gt;&#xA;&#xA;&lt;p&gt;Net als de afgelopen jaren, zullen er ook dit jaar vele leuke verkopers te vinden zijn met allerlei leuke items. Kijk hieronder snel verder&lt;/p&gt;&#xA;&lt;h3 id=&#34;célines-art-studio&#34;&gt;Céline’s Art Studio&lt;/h3&gt;&#xA;&lt;p&gt;Céline&amp;rsquo;s Art Studio is dé place to be voor al je originele stationary artikelen en merch met een fantasy tintje en meer. De collecties bestaan uit meerdere aesthetics zoals wat voor de liefhebbers voor dark fantasy en cozy art.&lt;/p&gt;</description>
    </item>
    <item>
      <title>But wait, there&#39;s kraampjes: Vintage Fantasy Flair , De Huiself, Dreamchaser Art, ArrowGlass , Studio FADE.</title>
      <link></link>
      <pubDate>Thu, 30 May 2024 17:00:00 +0200</pubDate>
      <guid></guid>
      <description>&lt;p style=&#34;&#xA;margin-top: 0px;&#xA;margin-bottom: 20px;&#xA;&#34;&gt;&#xA;    &lt;em&gt;Zegt het voort, zegt het voort!&lt;br&gt;&#xA;Deze geweldige verkopers zijn te vinden op 9 juni te Fantasy Court!&lt;/em&gt;&#xA;&lt;/p&gt;&#xA;&#xA;&lt;p&gt;Net als de afgelopen jaren, zullen er ook dit jaar vele leuke verkopers te vinden zijn met allerlei leuke items. Kijk hieronder snel verder&lt;/p&gt;&#xA;&lt;h3 id=&#34;arrowglass&#34;&gt;Arrowglass&lt;/h3&gt;&#xA;&lt;p&gt;Glas in lood, traditionele glaskunsten in een ander jasje! Alles wordt ontworpen en handgemaakt hier in Eindhoven! Kom je ook een kijkje nemen? Dit jaar heeft Arrowglass dé kostuumwedstrijd bokaal gemaakt. Je wilt de kans op deze prachtige prijs NIET mislopen dus schrijf je op 9 juni zéker in bij de infostand!&lt;/p&gt;</description>
    </item>
    <item>
      <title>Muziek en artiesten: Womanhood, FeePhiFolkFum, Andawenn, Balfolk Workshop, Edward Fiddler (and these Drunken Sods I found somewhere).</title>
      <link></link>
      <pubDate>Tue, 28 May 2024 17:00:00 +0200</pubDate>
      <guid></guid>
      <description>&lt;p style=&#34;&#xA;margin-top: 0px;&#xA;margin-bottom: 20px;&#xA;&#34;&gt;&#xA;    &lt;em&gt;Zegt het voort, zegt het voort!&#xA;Deze geweldige artiesten zijn te vinden op 9 juni te Fantasy Court!&lt;/em&gt;&#xA;&lt;/p&gt;&#xA;&#xA;&lt;p&gt;Zoals elk jaar zijn er ook dit jaar weer verschijdende artiesten op ons festival. Voor meer informatie en het rooster kijk vooral op de &lt;a href=&#34;http://localhost:1313/programma_2024/&#34;&gt;programma-pagina&lt;/a&gt;&#xA;.&lt;/p&gt;&#xA;&lt;figure&gt;&lt;img src=&#34;http://localhost:1313/images/news/NcA1.png&#34;&#xA;    alt=&#34;FeePhiFolkFum&#34; width=&#34;40%&#34;&gt;&#xA;&lt;/figure&gt;&#xA;&#xA;&lt;h3 id=&#34;feephifolkfum&#34;&gt;FeePhiFolkFum&lt;/h3&gt;&#xA;&lt;p&gt;Voor het derde jaar op een rij kun je komen genieten van Phi en hun draailier. Met een mix van zelfgeschreven nummers en liedjes uit verschillende folktradities word je uitgenodigd om te dansen. Geniet van opzwepende melodieën of laat je hypnotiseren door het ritmisch zwieren van de zwengel.&lt;/p&gt;</description>
    </item>
    <item>
      <title>Torens vol met kraampjes: Atelier Knowhere, Wancelot, The rogue&#39;s hoard , Pagan Ways, Labyrinth Eindhoven.</title>
      <link></link>
      <pubDate>Sun, 26 May 2024 17:00:00 +0200</pubDate>
      <guid></guid>
      <description>&lt;p style=&#34;&#xA;margin-top: 0px;&#xA;margin-bottom: 20px;&#xA;&#34;&gt;&#xA;    &lt;em&gt;Zegt het voort, zegt het voort!&lt;br&gt;&#xA;Deze geweldige verkopers zijn te vinden op 9 juni te Fantasy Court!&lt;/em&gt;&#xA;&lt;/p&gt;&#xA;&#xA;&lt;p&gt;Net als de afgelopen jaren, zullen er ook dit jaar vele leuke verkopers te vinden zijn met allerlei leuke items. Kijk hieronder snel verder&lt;/p&gt;&#xA;&lt;figure&gt;&lt;img src=&#34;http://localhost:1313/images/news/N9A1.png&#34;&#xA;    alt=&#34;Atelier Knowhere&#34; width=&#34;40%&#34;&gt;&#xA;&lt;/figure&gt;&#xA;&#xA;&lt;h3 id=&#34;atelier-knowhere&#34;&gt;Atelier Knowhere&lt;/h3&gt;&#xA;&lt;p&gt;Atelier Knowhere verkoopt handgemaakte fantasy sieraden en kleine kunst artikelen met karakter. Vanuit hun eigen werkplaats wordt elk stuk met passie en kennis gemaakt. Tijdens Fantasy Court kan je ook hier terecht voor kleine reparaties aan kostuums en harnassen.&lt;/p&gt;</description>
    </item>
    <item>
      <title>Ik zie ik zie wat jij niet ziet en het zijn kraampjes: Atelier spintol, Faeryfindings, Cross Elf , I Do Hobbys , The Secret Moon Shop.</title>
      <link></link>
      <pubDate>Fri, 24 May 2024 17:00:00 +0200</pubDate>
      <guid></guid>
      <description>&lt;p style=&#34;&#xA;margin-top: 0px;&#xA;margin-bottom: 20px;&#xA;&#34;&gt;&#xA;    &lt;em&gt;Zegt het voort, zegt het voort!&lt;br&gt;&#xA;Deze geweldige verkopers zijn te vinden op 9 juni te Fantasy Court!&lt;/em&gt;&#xA;&lt;/p&gt;&#xA;&#xA;&lt;p&gt;Net als de afgelopen jaren, zullen er ook dit jaar vele leuke verkopers te vinden zijn met allerlei leuke items. Kijk hieronder snel verder&lt;/p&gt;&#xA;&lt;figure&gt;&lt;img src=&#34;http://localhost:1313/images/news/N8A1.png&#34;&#xA;    alt=&#34;Atelier Spintol&#34; width=&#34;40%&#34;&gt;&#xA;&lt;/figure&gt;&#xA;&#xA;&lt;h3 id=&#34;atelier-spintol&#34;&gt;Atelier Spintol&lt;/h3&gt;&#xA;&lt;p&gt;Atelier Spintol is een eenmansbedrijf gespecialiseerd in historische kleding en accessoires! Van middeleeuwse kaproen tot de Edwardiaanse walking skirt, alles wordt met zorg en aandacht gemaakt.&lt;/p&gt;</description>
    </item>
    <item>
      <title>Kraampjes, Kraampjes, Kraampjes: Ccgwinkel, Larpcenter, Arctis Ira, EverAfterprint, OOAKdolls by Mariska.</title>
      <link></link>
      <pubDate>Thu, 16 May 2024 17:00:00 +0200</pubDate>
      <guid></guid>
      <description>&lt;p style=&#34;&#xA;margin-top: 0px;&#xA;margin-bottom: 20px;&#xA;&#34;&gt;&#xA;    &lt;em&gt;Zegt het voort, zegt het voort!&lt;br&gt;&#xA;Deze geweldige verkopers zijn te vinden op Fantasy Court!&lt;/em&gt;&#xA;&lt;/p&gt;&#xA;&#xA;&lt;p&gt;Op 9 juni zullen er allerlei verkopers komen met leuke items voor Larp, Dungeons &amp;amp; Dragons, en allerlei andere unieke of zelfs zelfgemaakte waren.&lt;/p&gt;&#xA;&lt;figure&gt;&lt;img src=&#34;http://localhost:1313/images/news/N6A1.png&#34;&#xA;    alt=&#34;Ccgwinkel&#34; width=&#34;40%&#34;&gt;&#xA;&lt;/figure&gt;&#xA;&#xA;&lt;h3 id=&#34;ccgwinkel&#34;&gt;Ccgwinkel&lt;/h3&gt;&#xA;&lt;p&gt;Dit is DÉ spellenwinkel voor alles wat je niet vindt bij de collega&amp;rsquo;s, van wargames tot RPG’s tot action figures. Op zoek naar miniatures en andere accessoires voor allerlei soort war- en roleplaying games? Dan ben je bij ccg winkel aan het juiste adres!&lt;/p&gt;</description>
    </item>
    <item>
      <title>Heel Veel Kraampjes: Kapitein Kleerhaak, The Fantasy Bug, Narquelics Chainmail Jewelry, Empire of Minis, Wiggley&#39;s Wonder Workshop.</title>
      <link></link>
      <pubDate>Tue, 14 May 2024 17:00:00 +0200</pubDate>
      <guid></guid>
      <description>&lt;p style=&#34;&#xA;margin-top: 0px;&#xA;margin-bottom: 20px;&#xA;&#34;&gt;&#xA;    &lt;em&gt;Zegt het voort, zegt het voort!&#xA;Deze geweldige verkopers zijn te vinden op Fantasy Court!&lt;/em&gt;&#xA;&lt;/p&gt;&#xA;&#xA;&lt;p&gt;Zegt het voort, zegt het voort!&#xA;Deze geweldige verkopers zijn te vinden op Fantasy Court!&lt;/p&gt;&#xA;&lt;p&gt;Fantasy Court is een gratis festival dat open is voor iedereen. Net als de afgelopen jaren, zullen er ook dit jaar op 9 juni Fantasy Court vele leuke verkopers te vinden zijn met allerlei leuke items. Kijk hieronder snel verder!&lt;/p&gt;</description>
    </item>
    <item>
      <title>Nog meer Kraampjes: Divini Couture, Dolle Griet, Feys craftshop, Elfdehands boeken, The Wolf and Rabbit, The Lugon Project.</title>
      <link></link>
      <pubDate>Sat, 11 May 2024 17:00:00 +0200</pubDate>
      <guid></guid>
      <description>&lt;p style=&#34;&#xA;margin-top: 0px;&#xA;margin-bottom: 20px;&#xA;&#34;&gt;&#xA;    &lt;em&gt;&lt;em&gt;Zegt het voort, zegt het voort!&lt;/em&gt;&lt;br&gt;&#xA;&lt;em&gt;Deze geweldige verkopers zijn te vinden op Fantasy Court!&lt;/em&gt;&lt;/em&gt;&#xA;&lt;/p&gt;&#xA;&#xA;&lt;figure&gt;&lt;img src=&#34;http://localhost:1313/images/news/N4A1.png&#34;&#xA;    alt=&#34;Divine Couture - Dolle griet&#34; width=&#34;40%&#34;&gt;&#xA;&lt;/figure&gt;&#xA;&#xA;&lt;h3 id=&#34;divine-couture---dolle-griet&#34;&gt;Divine Couture - Dolle griet&lt;/h3&gt;&#xA;&lt;p&gt;Zien en gezien worden! Dat is een essentieel onderdeel van Fantasy Court en Divine Couture maakt dat mogelijk! Zij maakt kleding en kostuums op maat voor Live Roleplay, en biedt alle benodigdheden voor je eigen kostuumprojecten. Zoek je nog die ene sluiting of bijzondere broche? Kom dan zeker even snuffelen!&lt;/p&gt;</description>
    </item>
    <item>
      <title>Kraampjes: Dreamy Cauldron, Yayday, Red Dragon Jewelry, Custom Costumes, Mamorumori.</title>
      <link></link>
      <pubDate>Sun, 05 May 2024 17:00:00 +0200</pubDate>
      <guid></guid>
      <description>&lt;p style=&#34;&#xA;margin-top: 0px;&#xA;margin-bottom: 20px;&#xA;&#34;&gt;&#xA;    &lt;em&gt;&lt;em&gt;Zegt het voort, zegt het voort!&lt;/em&gt; &lt;br&gt;&#xA;&lt;em&gt;Deze leuke verkopers komen ook naar Fantasy Court!&lt;/em&gt;&lt;/em&gt;&#xA;&lt;/p&gt;&#xA;&#xA;&lt;p&gt;Op 9 juni zullen deze verkopers klaar staan om de leukste zelfgemaakte sieraden, kostuum accessoires en zelfs knuffelbare vriendjes te verkopen.&lt;/p&gt;&#xA;&lt;figure&gt;&lt;img src=&#34;http://localhost:1313/images/news/N3A1.png&#34;&#xA;    alt=&#34;The Dreamy Cauldron&#34; width=&#34;40%&#34;&gt;&#xA;&lt;/figure&gt;&#xA;&#xA;&lt;h3 id=&#34;the-dreamy-cauldron&#34;&gt;The Dreamy Cauldron&lt;/h3&gt;&#xA;&lt;p&gt;Een winkel waar dromen uitkomen, in de vorm van fantasy toverdrankjes als sieraden! Hier vind je kettinkjes, chokers, oorbellen en meer met welk toverdrankje je maar wilt om met trots te dragen.&lt;/p&gt;</description>
    </item>
    <item>
      <title>Activiteiten: zwaardvechten, boogschieten, kostuumwedstrijd. </title>
      <link></link>
      <pubDate>Tue, 30 Apr 2024 17:00:00 +0200</pubDate>
      <guid></guid>
      <description>&lt;p style=&#34;&#xA;margin-top: 0px;&#xA;margin-bottom: 20px;&#xA;&#34;&gt;&#xA;    &lt;em&gt;&lt;em&gt;Zegt het voort, zegt het voort,&lt;/em&gt;&lt;br&gt;&#xA;&lt;em&gt;U bent allen uitgenodigd voor Fantasy Court&lt;/em&gt;&lt;/em&gt;&#xA;&lt;/p&gt;&#xA;&#xA;&lt;p&gt;Net als de afgelopen jaren, zal ook dit jaar op 9 juni Fantasy Court activiteiten bieden voor jong en oud, om echt de wereld van middeleeuwse Fantasy en LARP binnen te treden. &lt;/p&gt;&#xA;&lt;h2 id=&#34;zwaardvechten&#34;&gt;⚔Zwaardvechten⚔&lt;/h2&gt;&#xA;&lt;p&gt;Op het toernooiveld zullen er spannende zwaardgevechten plaatsvinden door de Zwaarkding! Kom je vaardigheden oefenen. Ervaren ridder of onervaren schildknaap, het is voor iedereen toegankelijk, ongeacht of je al ervaring of een eigen LARP zwaard hebt! Ben je op zoek naar meer uitdaging en sensatie? Kom dan je vaardigheden op de proef stellen in de zwaardvecht toernooien en laat zien dat jij de beste zwaardvechter op het hof bent! Hier kun je uiteraard ook een leuke prijs mee winnen en de titel als felbegeerde titel van Ridder der Fantasy Court. &#xA;&lt;figure&gt;&lt;img src=&#34;http://localhost:1313/images/news/N2A1.png&#34;&#xA;    alt=&#34;Zwaardvechten&#34; width=&#34;40%&#34;&gt;&#xA;&lt;/figure&gt;&#xA;&lt;/p&gt;</description>
    </item>
    <item>
      <title>Eetkraampjes: Kürtõskalács, La Salsa Latina, iScoop Ice Cream.</title>
      <link></link>
      <pubDate>Fri, 26 Apr 2024 17:00:00 +0200</pubDate>
      <guid></guid>
      <description>&lt;p style=&#34;&#xA;margin-top: 0px;&#xA;margin-bottom: 20px;&#xA;&#34;&gt;&#xA;    &lt;em&gt;&lt;em&gt;Zegt het voort, zegt het voort,&lt;/em&gt;&lt;br&gt;&#xA;&lt;em&gt;U bent allen uitgenodigd voor Fantasy Court&lt;/em&gt;&lt;/em&gt;&#xA;&lt;/p&gt;&#xA;&#xA;&lt;p&gt;Op 9 juni vanaf 11 uur bent u allen welkom op het Koeveld bij de TU/e voor Fantasy Court. Fantasy Court richt zich op de minder bekende, unieke cultuur rondom Fantasy met een focus op larp (Live Action Role Playing). Dit gratis toegankelijke festival bevat veel kraampjes, verenigingen en activiteiten die onder het wonderlijke rijk van Fantasy vallen. Wij bieden van alles aan dat in de Fantasywereld thuis hoort of ervoor zorgt dat u zich er onderdeel van zal voelen. Wilt u alvast een voorproefje van alles wat er te zien zal zijn, lees snel verder:&#xA;Natuurlijk zult u met de geweldige activiteiten misschien honger krijgen, daarom hebben we een gevarieerd aanbod aan eten en lekkernijen om van te genieten!&lt;/p&gt;</description>
    </item>
    <item>
      <title>Nieuwe Website</title>
      <link></link>
      <pubDate>Mon, 22 Jan 2024 00:00:00 +0000</pubDate>
      <guid></guid>
      <description>&lt;p&gt;Een nieuwe editie betekent natuurlijk dat de info op de website moet worden vernieuwd. Daar hebben we gebruik van gemaakt om ook direct een paar aanpassingen te maken. Zo zijn de pagina&amp;rsquo;s nog helderder gestructureerd en is er een nieuwsfunctie toegevoegd.&lt;/p&gt;&#xA;&lt;p&gt;Maar we hebben niet alleen een nieuwe website, ook zijn de inschrijvingen geopend voor de standhouders. Het inschrijfformulier is &lt;a href=&#34;https://forms.gle/Qfs6Y61rx4PJm4Mj8&#34; target=&#34;_blank&#34;&gt;hier te vinden&lt;/a&gt;&#xA;.&lt;/p&gt;</description>
    </item>
  </channel>
</rss>
